insert into ciudad values (1, "Armenia");
insert into ciudad values (2, "Cartagena");
insert into ciudad values (3, "Cali");
insert into ciudad values (4, "Medellin");

insert into administrador values ("123456","12345","sebas123@gmail.com","Sebastian Mejia", "1");
insert into administrador values ("456564","12345","carlos123@gmail.com","Carlos Mauricio", "2");
insert into administrador values ("756743","12345","santiago@gmail.com","Santiago Quedaza", "3");

insert into administrador_hotel values ("1","12345","sebas123@gmail.com","Sebastian Mejia","1");
insert into administrador_hotel values ("2","12345","JairoHenao@gmail.com","Jairo Henao", "2");
insert into administrador_hotel values ("3","12345","JabierCubillos@gmail.com","Jabier Cubillos", "3");
insert into administrador_hotel values ("4","12345","HenaoOscar@gmail.com","Osacar Henao", "4");

insert into usuario values ("1234432", "12345", "Manuel123@correo.com","Manuel Mejia");
insert into usuario values ("423456", "12345", "Fabian123@correo.com","Fabian Mejia");
insert into usuario values ("323455", "12345", "Carlos123@correo.com","Carlos Soto");
insert into usuario values ("2289434", "12345", "Rodrigo123@correo.com","Rodrigo Perez");
insert into usuario values ("926564", "12345", "Pedro123@correo.com","Pedro Muriel");
insert into usuario values ("7234634", "12345", "JuanMiguel23@correo.com","Juan Miguel Ossa");

insert into usuario_telefono values ("423456","33456513");
insert into usuario_telefono values ("1234432","124256211");
insert into usuario_telefono values ("323455","32334513");
insert into usuario_telefono values ("2289434","323443213");
insert into usuario_telefono values ("926564","124234511");
insert into usuario_telefono values ("7234634","323443213");

insert into hotel values(1,"cra 02 #23-11","hotel Tertulia",4,"324234241","12345",1);
insert into hotel values(2,"cra 02 #2-31","hotel Armenia",3,"324334241","12345",1);
insert into hotel values(3,"cra 12 #2-21","hotel Cartagena",4,"314234241","123345",2);
insert into hotel values(4,"cra 13 #3-31","hotel Cartagena 2",5,"32437241","123345",2);
insert into hotel values(5,"cra 5 #43-10","hotel Cali",4,"334424241","13345",3);
insert into hotel values(6,"cra 9 #34-56","hotel Cali Mirador",3,"31432241","13345",3);
insert into hotel values(7,"cra 32 #8-21","hotel Medellin",5,"31243241","14235",4);
insert into hotel values(8,"cra 24 #7-19","hotel Medallo",3,"31232341","14235",4);

insert into cama values (1,1);
insert into cama values (2,2);
insert into cama values (3,3);
insert into cama values (4,4);
insert into cama values (5,5);

insert into caracteristica values ("1","balcon");
insert into caracteristica values ("2","pasillo");
insert into caracteristica values ("3","aire acondicionado");
insert into caracteristica values ("4","tv deportes, jaccusi");
insert into caracteristica values ("5","vip");
insert into caracteristica values ("6","almuerzo y cena incluida");
insert into caracteristica values ("7","piscina");
insert into caracteristica values ("8","buffet");
insert into caracteristica values ("9","sala de juegos");

insert into habitacion values(1,1,"disponible",45.000,1,"101");
insert into habitacion values(2,2,"disponible",85.000,1,"102");
insert into habitacion values(3,1,"disponible",45.000,1,"103");
insert into habitacion values(4,3,"disponible",125.000,1,"104");
insert into habitacion values(5,1,"disponible",45.000,1,"201");
insert into habitacion values(6,2,"disponible",85.000,1,"202");
insert into habitacion values(7,4,"disponible",155.000,1,"203");
insert into habitacion values(8,2,"disponible",85.000,1,"204");
insert into habitacion values(9,1,"disponible",45.000,2,"101");
insert into habitacion values(10,3,"disponible",105.000,2,"102");
insert into habitacion values(11,1,"disponible",45.000,2,"103");
insert into habitacion values(12,2,"disponible",85.000,2,"104");
insert into habitacion values(13,1,"disponible",45.000,2,"201");
insert into habitacion values(14,5,"disponible",185.000,2,"202");
insert into habitacion values(15,1,"disponible",45.000,2,"203");
insert into habitacion values(16,2,"disponible",85.000,2,"204");
insert into habitacion values(17,1,"disponible",45.000,3,"101");
insert into habitacion values(18,2,"disponible",85.000,3,"102");
insert into habitacion values(19,1,"disponible",45.000,3,"103");
insert into habitacion values(20,2,"disponible",85.000,3,"104");
insert into habitacion values(21,1,"disponible",45.000,3,"201");
insert into habitacion values(22,2,"disponible",85.000,3,"202");
insert into habitacion values(23,1,"disponible",45.000,3,"203");
insert into habitacion values(24,2,"disponible",85.000,3,"204");
insert into habitacion values(25,1,"disponible",45.000,4,"101");
insert into habitacion values(26,2,"disponible",85.000,4,"102");
insert into habitacion values(27,1,"disponible",45.000,4,"103");
insert into habitacion values(28,2,"disponible",85.000,4,"104");
insert into habitacion values(29,1,"disponible",45.000,4,"201");
insert into habitacion values(30,2,"disponible",85.000,4,"202");
insert into habitacion values(31,1,"disponible",45.000,4,"203");
insert into habitacion values(32,2,"disponible",85.000,4,"204");
insert into habitacion values(33,1,"disponible",45.000,5,"101");
insert into habitacion values(34,2,"disponible",85.000,5,"102");
insert into habitacion values(35,1,"disponible",45.000,5,"103");
insert into habitacion values(36,3,"disponible",125.000,5,"104");
insert into habitacion values(37,1,"disponible",45.000,5,"201");
insert into habitacion values(38,2,"disponible",85.000,5,"202");
insert into habitacion values(39,4,"disponible",155.000,5,"203");
insert into habitacion values(40,2,"disponible",85.000,5,"204");
insert into habitacion values(41,1,"disponible",45.000,6,"101");
insert into habitacion values(42,3,"disponible",105.000,6,"102");
insert into habitacion values(43,1,"disponible",45.000,6,"103");
insert into habitacion values(44,2,"disponible",85.000,6,"104");
insert into habitacion values(45,1,"disponible",45.000,6,"201");
insert into habitacion values(46,5,"disponible",185.000,6,"202");
insert into habitacion values(47,1,"disponible",45.000,6,"203");
insert into habitacion values(48,2,"disponible",85.000,6,"204");
insert into habitacion values(49,1,"disponible",45.000,7,"101");
insert into habitacion values(50,2,"disponible",85.000,7,"102");
insert into habitacion values(51,1,"disponible",45.000,7,"103");
insert into habitacion values(52,2,"disponible",85.000,7,"104");
insert into habitacion values(53,1,"disponible",45.000,7,"201");
insert into habitacion values(54,2,"disponible",85.000,7,"202");
insert into habitacion values(55,1,"disponible",45.000,7,"203");
insert into habitacion values(56,2,"disponible",85.000,7,"204");
insert into habitacion values(57,1,"disponible",45.000,8,"101");
insert into habitacion values(58,2,"disponible",85.000,8,"102");
insert into habitacion values(59,1,"disponible",45.000,8,"103");
insert into habitacion values(60,2,"disponible",85.000,8,"104");
insert into habitacion values(61,1,"disponible",45.000,8,"201");
insert into habitacion values(62,2,"disponible",85.000,8,"202");
insert into habitacion values(63,1,"disponible",45.000,8,"203");
insert into habitacion values(64,2,"disponible",85.000,8,"204");
insert into habitacion values(65,1,"disponible",45.000,9,"101");
insert into habitacion values(66,2,"disponible",85.000,9,"102");
insert into habitacion values(67,1,"disponible",45.000,9,"103");
insert into habitacion values(68,3,"disponible",125.000,9,"104");
insert into habitacion values(69,1,"disponible",45.000,9,"201");
insert into habitacion values(70,2,"disponible",85.000,9,"202");
insert into habitacion values(71,4,"disponible",155.000,9,"203");
insert into habitacion values(72,2,"disponible",85.000,9,"204");

insert into habitacion_cama values(1,1);
insert into habitacion_cama values(2,2);
insert into habitacion_cama values(3,3);
insert into habitacion_cama values(4,4);
insert into habitacion_cama values(5,5);
insert into habitacion_cama values(6,6);
insert into habitacion_cama values(7,7);
insert into habitacion_cama values(8,8);
insert into habitacion_cama values(9,9);
insert into habitacion_cama values(10,10);
insert into habitacion_cama values(11,11);
insert into habitacion_cama values(12,12);
insert into habitacion_cama values(13,13);
insert into habitacion_cama values(14,14);
insert into habitacion_cama values(15,15);
insert into habitacion_cama values(16,16);
insert into habitacion_cama values(17,17);
insert into habitacion_cama values(18,18);
insert into habitacion_cama values(19,19);
insert into habitacion_cama values(20,20);
insert into habitacion_cama values(21,21);
insert into habitacion_cama values(22,22);
insert into habitacion_cama values(23,23);
insert into habitacion_cama values(24,24);
insert into habitacion_cama values(25,25);
insert into habitacion_cama values(26,26);
insert into habitacion_cama values(27,27);
insert into habitacion_cama values(28,28);
insert into habitacion_cama values(29,29);
insert into habitacion_cama values(30,30);
insert into habitacion_cama values(31,31);
insert into habitacion_cama values(32,32);
insert into habitacion_cama values(33,33);
insert into habitacion_cama values(34,34);
insert into habitacion_cama values(35,35);
insert into habitacion_cama values(36,36);
insert into habitacion_cama values(37,37);
insert into habitacion_cama values(38,38);
insert into habitacion_cama values(39,39);
insert into habitacion_cama values(40,40);
insert into habitacion_cama values(41,41);
insert into habitacion_cama values(42,42);
insert into habitacion_cama values(43,43);
insert into habitacion_cama values(44,44);
insert into habitacion_cama values(45,45);
insert into habitacion_cama values(46,46);
insert into habitacion_cama values(47,47);
insert into habitacion_cama values(48,48);
insert into habitacion_cama values(49,49);
insert into habitacion_cama values(50,50);
insert into habitacion_cama values(51,51);
insert into habitacion_cama values(52,52);
insert into habitacion_cama values(53,53);
insert into habitacion_cama values(54,54);
insert into habitacion_cama values(55,55);
insert into habitacion_cama values(56,56);
insert into habitacion_cama values(57,57);
insert into habitacion_cama values(58,58);
insert into habitacion_cama values(59,59);
insert into habitacion_cama values(60,60);
insert into habitacion_cama values(61,61);
insert into habitacion_cama values(62,62);
insert into habitacion_cama values(63,63);
insert into habitacion_cama values(64,64);
insert into habitacion_cama values(65,65);
insert into habitacion_cama values(66,66);
insert into habitacion_cama values(67,67);
insert into habitacion_cama values(68,68);
insert into habitacion_cama values(69,69);
insert into habitacion_cama values(70,70);
insert into habitacion_cama values(71,71);
insert into habitacion_cama values(72,72);

insert into habitacion_caracteristica values(1,1);
insert into habitacion_caracteristica values(2,2);
insert into habitacion_caracteristica values(3,3);
insert into habitacion_caracteristica values(4,3);
insert into habitacion_caracteristica values(5,2);
insert into habitacion_caracteristica values(6,4);
insert into habitacion_caracteristica values(7,5);
insert into habitacion_caracteristica values(8,6);
insert into habitacion_caracteristica values(9,6);
insert into habitacion_caracteristica values(10,5);
insert into habitacion_caracteristica values(11,4);
insert into habitacion_caracteristica values(12,3);
insert into habitacion_caracteristica values(13,6);
insert into habitacion_caracteristica values(14,4);
insert into habitacion_caracteristica values(15,5);
insert into habitacion_caracteristica values(16,1);
insert into habitacion_caracteristica values(17,3);
insert into habitacion_caracteristica values(18,6);
insert into habitacion_caracteristica values(19,4);
insert into habitacion_caracteristica values(20,5);
insert into habitacion_caracteristica values(21,4);
insert into habitacion_caracteristica values(22,3);
insert into habitacion_caracteristica values(23,3);
insert into habitacion_caracteristica values(24,6);
insert into habitacion_caracteristica values(25,6);
insert into habitacion_caracteristica values(26,4);
insert into habitacion_caracteristica values(27,3);
insert into habitacion_caracteristica values(28,4);
insert into habitacion_caracteristica values(29,1);
insert into habitacion_caracteristica values(30,3);
insert into habitacion_caracteristica values(31,5);
insert into habitacion_caracteristica values(32,6);
insert into habitacion_caracteristica values(33,4);
insert into habitacion_caracteristica values(34,3);
insert into habitacion_caracteristica values(35,5);
insert into habitacion_caracteristica values(36,1);
insert into habitacion_caracteristica values(37,4);
insert into habitacion_caracteristica values(38,3);
insert into habitacion_caracteristica values(39,5);
insert into habitacion_caracteristica values(40,6);
insert into habitacion_caracteristica values(41,4);
insert into habitacion_caracteristica values(42,3);
insert into habitacion_caracteristica values(43,6);
insert into habitacion_caracteristica values(44,1);
insert into habitacion_caracteristica values(45,4);
insert into habitacion_caracteristica values(46,4);
insert into habitacion_caracteristica values(47,2);
insert into habitacion_caracteristica values(48,1);
insert into habitacion_caracteristica values(49,3);
insert into habitacion_caracteristica values(50,5);
insert into habitacion_caracteristica values(51,6);
insert into habitacion_caracteristica values(52,4);
insert into habitacion_caracteristica values(53,3);
insert into habitacion_caracteristica values(54,5);
insert into habitacion_caracteristica values(55,6);
insert into habitacion_caracteristica values(56,1);
insert into habitacion_caracteristica values(57,6);
insert into habitacion_caracteristica values(58,4);
insert into habitacion_caracteristica values(59,3);
insert into habitacion_caracteristica values(60,6);
insert into habitacion_caracteristica values(61,3);
insert into habitacion_caracteristica values(62,62);
insert into habitacion_caracteristica values(63,6);
insert into habitacion_caracteristica values(64,4);
insert into habitacion_caracteristica values(65,1);
insert into habitacion_caracteristica values(66,3);
insert into habitacion_caracteristica values(67,4);
insert into habitacion_caracteristica values(68,6);
insert into habitacion_caracteristica values(69,1);
insert into habitacion_caracteristica values(70,3);
insert into habitacion_caracteristica values(71,6);
insert into habitacion_caracteristica values(72,4);

insert into habitacion_caracteristica_habitacion values("1","1");
insert into habitacion_caracteristica_habitacion values("2","2");
insert into habitacion_caracteristica_habitacion values("3","3");
insert into habitacion_caracteristica_habitacion values("4","3");
insert into habitacion_caracteristica_habitacion values("5","2");
insert into habitacion_caracteristica_habitacion values("6","4");
insert into habitacion_caracteristica_habitacion values("7","5");
insert into habitacion_caracteristica_habitacion values("8","6");
insert into habitacion_caracteristica_habitacion values("9","6");
insert into habitacion_caracteristica_habitacion values("10","5");
insert into habitacion_caracteristica_habitacion values("11","42");
insert into habitacion_caracteristica_habitacion values("12","3");
insert into habitacion_caracteristica_habitacion values("13","6");
insert into habitacion_caracteristica_habitacion values("","4");
insert into habitacion_caracteristica_habitacion values("15","5");
insert into habitacion_caracteristica_habitacion values("16","1");
insert into habitacion_caracteristica_habitacion values("17","3");
insert into habitacion_caracteristica_habitacion values("18","6");
insert into habitacion_caracteristica_habitacion values("19","4");
insert into habitacion_caracteristica_habitacion values("20","5");
insert into habitacion_caracteristica_habitacion values("21","4");
insert into habitacion_caracteristica_habitacion values("22","3");
insert into habitacion_caracteristica_habitacion values("23","3");
insert into habitacion_caracteristica_habitacion values("24","62");
insert into habitacion_caracteristica_habitacion values("25","6");
insert into habitacion_caracteristica_habitacion values("26","4");
insert into habitacion_caracteristica_habitacion values("27","3");
insert into habitacion_caracteristica_habitacion values("28","4");
insert into habitacion_caracteristica_habitacion values("29","1");
insert into habitacion_caracteristica_habitacion values("30","3");
insert into habitacion_caracteristica_habitacion values("31","5");
insert into habitacion_caracteristica_habitacion values("32","6");
insert into habitacion_caracteristica_habitacion values("33","4");
insert into habitacion_caracteristica_habitacion values("34","3");
insert into habitacion_caracteristica_habitacion values("35","5");
insert into habitacion_caracteristica_habitacion values("36","1");
insert into habitacion_caracteristica_habitacion values("37","4");
insert into habitacion_caracteristica_habitacion values("38","3");
insert into habitacion_caracteristica_habitacion values("39","5");
insert into habitacion_caracteristica_habitacion values("40","6");
insert into habitacion_caracteristica_habitacion values("41","4");
insert into habitacion_caracteristica_habitacion values("42","3");
insert into habitacion_caracteristica_habitacion values("43","6");
insert into habitacion_caracteristica_habitacion values("44","1");
insert into habitacion_caracteristica_habitacion values("45","4");
insert into habitacion_caracteristica_habitacion values("46","4");
insert into habitacion_caracteristica_habitacion values("47","2");
insert into habitacion_caracteristica_habitacion values("48","1");
insert into habitacion_caracteristica_habitacion values("49","3");
insert into habitacion_caracteristica_habitacion values("50","5");
insert into habitacion_caracteristica_habitacion values("51","6");
insert into habitacion_caracteristica_habitacion values("52","4");
insert into habitacion_caracteristica_habitacion values("53","3");
insert into habitacion_caracteristica_habitacion values("54","5");
insert into habitacion_caracteristica_habitacion values("55","6");
insert into habitacion_caracteristica_habitacion values("56","1");
insert into habitacion_caracteristica_habitacion values("57","6");
insert into habitacion_caracteristica_habitacion values("58","4");
insert into habitacion_caracteristica_habitacion values("59","3");
insert into habitacion_caracteristica_habitacion values("60","6");
insert into habitacion_caracteristica_habitacion values("61","3");
insert into habitacion_caracteristica_habitacion values("62","2");
insert into habitacion_caracteristica_habitacion values("63","6");
insert into habitacion_caracteristica_habitacion values("64","4");
insert into habitacion_caracteristica_habitacion values("65","1");
insert into habitacion_caracteristica_habitacion values("66","3");
insert into habitacion_caracteristica_habitacion values("67","4");
insert into habitacion_caracteristica_habitacion values("68","6");
insert into habitacion_caracteristica_habitacion values("69","1");
insert into habitacion_caracteristica_habitacion values("70","3");
insert into habitacion_caracteristica_habitacion values("71","6");
insert into habitacion_caracteristica_habitacion values("72","4");

insert into comentario values ("1",5,"muy buena atencion","2022-03-20", 1,"1234432");
insert into comentario values ("2",4,"excelente comida","2022-04-20", 2,"423456");
insert into comentario values ("3",3,"buen servicio","2022-04-21", 3,"323455");
insert into comentario values ("4",4,"buena atencion","2022-04-22", 4,"2289434");
insert into comentario values ("5",2," agua caliente","2022-05-01", 5,"926564");
insert into comentario values ("6",3,"buen servicio","2022-04-21", 6,"7234634");
insert into comentario values ("7",4,"buena atencion ","2022-04-22", 7,"323455");
insert into comentario values ("8",2," agua caliente","2022-05-01", 8,"926564");

insert into foto values ("1","1",1);
insert into foto values ("2","2",1);
insert into foto values ("3","3",1);
insert into foto values ("4","4",1);
insert into foto values ("5","5",1);
insert into foto values ("6","6",1);
insert into foto values ("7","1",2);
insert into foto values ("8","2",2);
insert into foto values ("9","3",2);
insert into foto values ("10","4",2);
insert into foto values ("11","5",2);
insert into foto values ("12","6",2);
insert into foto values ("13","4",3);
insert into foto values ("14","5",4);
insert into foto values ("15","6",4);

insert into foto_foto_url values ("1","1");
insert into foto_foto_url values ("2","2");
insert into foto_foto_url values ("3","3");
insert into foto_foto_url values ("4","4");
insert into foto_foto_url values ("5","5");
insert into foto_foto_url values ("6","6");
insert into foto_foto_url values ("7","1");
insert into foto_foto_url values ("8","2");
insert into foto_foto_url values ("9","3");
insert into foto_foto_url values ("10","4");
insert into foto_foto_url values ("11","5");
insert into foto_foto_url values ("12","6");
insert into foto_foto_url values ("13","4");
insert into foto_foto_url values ("14","5");
insert into foto_foto_url values ("15","6");

insert into hotel_caracteristica values (1,"9");
insert into hotel_caracteristica values (2,"7");
insert into hotel_caracteristica values (3,"8");
insert into hotel_caracteristica values (4,"6");
insert into hotel_caracteristica values (5,"8");
insert into hotel_caracteristica values (6,"7");
insert into hotel_caracteristica values (7,"9");
insert into hotel_caracteristica values (8,"7");

insert into hotel_caracteristica_hotel values (1,"7");
insert into hotel_caracteristica_hotel values (2,"6");
insert into hotel_caracteristica_hotel values (3,"6");
insert into hotel_caracteristica_hotel values (4,"8");
insert into hotel_caracteristica_hotel values (5,"8");
insert into hotel_caracteristica_hotel values (6,"6");
insert into hotel_caracteristica_hotel values (7,"7");
insert into hotel_caracteristica_hotel values (8,"8");


insert into vuelo values ("abc1","vuelosDia", "programado",5,"123456","Bogota","Armenia");
insert into vuelo values ("ssdaw","vuelosDia", "programado",5,"123456","Bogota","Cartagena");
insert into vuelo values ("dafsf","vuelosDia", "programado",6,"123456","Bogota","Cali");
insert into vuelo values ("sdgr","AviVuelos", "programado",5,"456564","Cali","Armenia");
insert into vuelo values ("fgdgr","AviVuelos", "programado",6,"456564","Cali","Cartagena");
insert into vuelo values ("acec","AviVuelos", "programado",6,"456564","Cali","Medellin");
insert into vuelo values ("csvr","AviaTour", "programado",6,"756743","Medellin","Cartagena");
insert into vuelo values ("fvssd","AviaTour", "programado",8,"756743","Medellin","Armenia");
insert into vuelo values ("c3dsfr","AviaTour", "programado",5,"756743","Medellin","Cali");

insert into silla values ("1",80.000,"abc1");
insert into silla values ("2",80.000,"abc1");
insert into silla values ("3",80.000,"abc1");
insert into silla values ("4",80.000,"abc1");
insert into silla values ("5",90.000,"ssdaw");
insert into silla values ("6",90.000,"ssdaw");
insert into silla values ("7",90.000,"ssdaw");
insert into silla values ("8",90.000,"ssdaw");
insert into silla values ("9",90.000,"sdgr");
insert into silla values ("10",90.000,"sdgr");
insert into silla values ("11",90.000,"sdgr");
insert into silla values ("12",90.000,"sdgr");
insert into silla values ("13",80.000,"acec");
insert into silla values ("14",80.000,"acec");
insert into silla values ("15",80.000,"acec");
insert into silla values ("16",80.000,"acec");
insert into silla values ("17",120.000,"fvssd");
insert into silla values ("18",120.000,"fvssd");
insert into silla values ("19",120.000,"fvssd");
insert into silla values ("20",120.000,"fvssd");

insert into vuelo_silla values ("abc1","1");
insert into vuelo_silla values ("abc1","2");
insert into vuelo_silla values ("abc1","3");
insert into vuelo_silla values ("abc1","4");
insert into vuelo_silla values ("abc1","5");
insert into vuelo_silla values ("ssdaw","1");
insert into vuelo_silla values ("ssdaw","2");
insert into vuelo_silla values ("ssdaw","3");
insert into vuelo_silla values ("ssdaw","4");
insert into vuelo_silla values ("ssdaw","5");
insert into vuelo_silla values ("dafsf","1");
insert into vuelo_silla values ("dafsf","2");
insert into vuelo_silla values ("dafsf","3");
insert into vuelo_silla values ("dafsf","4");
insert into vuelo_silla values ("dafsf","5");
insert into vuelo_silla values ("dafsf","6");
insert into vuelo_silla values ("sdgr","1");
insert into vuelo_silla values ("sdgr","2");
insert into vuelo_silla values ("sdgr","3");
insert into vuelo_silla values ("sdgr","4");
insert into vuelo_silla values ("sdgr","5");
insert into vuelo_silla values ("abc1","1");
insert into vuelo_silla values ("fgdgr","2");
insert into vuelo_silla values ("fgdgr","3");
insert into vuelo_silla values ("fgdgr","4");
insert into vuelo_silla values ("fgdgr","5");
insert into vuelo_silla values ("fgdgr","6");
insert into vuelo_silla values ("acec","1");
insert into vuelo_silla values ("acec","2");
insert into vuelo_silla values ("acec","3");
insert into vuelo_silla values ("acec","4");
insert into vuelo_silla values ("acec","5");
insert into vuelo_silla values ("acec","6");
insert into vuelo_silla values ("csvr","1");
insert into vuelo_silla values ("csvr","2");
insert into vuelo_silla values ("csvr","3");
insert into vuelo_silla values ("csvr","4");
insert into vuelo_silla values ("csvr","5");
insert into vuelo_silla values ("csvrf","6");
insert into vuelo_silla values ("fvssd","1");
insert into vuelo_silla values ("fvssd","2");
insert into vuelo_silla values ("fvssd","3");
insert into vuelo_silla values ("fvssd","4");
insert into vuelo_silla values ("fvssd","5");
insert into vuelo_silla values ("fvssd","6");
insert into vuelo_silla values ("fvssd","7");
insert into vuelo_silla values ("fvssd","8");
insert into vuelo_silla values ("c3dsfr","1");
insert into vuelo_silla values ("c3dsfr","2");
insert into vuelo_silla values ("c3dsfr","3");
insert into vuelo_silla values ("c3dsfr","4");
insert into vuelo_silla values ("c3dsfr","5");

insert into reserva values ("1",2,205.000,"reservado","2022-03-28","2022-03-24","2022-03-20",1,"1234432");
insert into reserva values ("2",3,245.500,"reservado","2022-04-18","2022-04-10","2022-04-02",2,"423456");
insert into reserva values ("3",2,305.500,"reservado","2022-03-20","2022-03-12","2022-03-01",3,"323455");
insert into reserva values ("4",1,235.500,"reservado","2022-05-28","2022-0-26","2022-05-02",4,"2289434");
insert into reserva values ("5",2,455.500,"reservado","2022-01-26","2022-01-20","2022-01-10",5,"926564");
insert into reserva values ("6",3,675.500,"reservado","2022-02-03","2022-02-01","2022-01-16",6,"7234634");

insert into reserva_habitacion values ("1",45.000,"1","1");
insert into reserva_habitacion values ("2",85.000,"2","2");
insert into reserva_habitacion values ("3",85.000,"12","12");
insert into reserva_habitacion values ("1",45.000,"13","13");
insert into reserva_habitacion values ("2",150.000,"23","23");
insert into reserva_habitacion values ("3",105.000,"16","16");

insert into hotel_reserva values (1,"1");
insert into hotel_reserva values (2,"2");
insert into hotel_reserva values (3,"4");
insert into hotel_reserva values (4,"3");
insert into hotel_reserva values (5,"6");
insert into hotel_reserva values (6,"5");




insert into reserva_silla values ("1",2,80.000,"1","1");
insert into reserva_silla values ("2",3,80.000,"1","2");
insert into reserva_Silla values ("3",90.000,"2","5");
insert into reserva_Silla values ("4",90.000,"2","5");
insert into reserva_Silla values ("5",90.000,"2","5");
insert into reserva_Silla values ("6",90.000,"3","9");
insert into reserva_Silla values ("7",90.000,"3","10");
insert into reserva_Silla values ("8",80.000,"4","15");
insert into reserva_Silla values ("9",120.000,"5","17");
insert into reserva_Silla values ("10",120.000,"5","18");
insert into reserva_Silla values ("11",90.000,"6","6");
insert into reserva_Silla values ("12",90.000,"6","7");
insert into reserva_Silla values ("13",90.000,"6","8");












