insert into usuario values ("1234432", "12345", "Manuel Mejia","Manuel123@correo.com");
insert into usuario values ("123456", "12345", "Fabian Mejia","Fabian123@correo.com");
insert into usuario values ("123455", "12345", "Carlos Mejia","Carlos123@correo.com");

insert into administrador values ("123456","12345","sebas123@gmail.com","Sebastian Mejia", "1");
insert into administrador values ("123345","12345","carlos123@gmail.com","Carlos Mauricio", "2");
insert into administrador values ("123345","12345","santiago@gmail.com","Santiago Quedaza", "3");

insert into administrador_hotel values ("12345","12345","sebas123@gmail.com","Sebastian Mejia","1");
insert into administrador_hotel values ("123345","1234","JairoHenao@gmail.com","Jairo Henao", "2");
insert into administrador_hotel values ("13345","1234","JabierCubillos@gmail.com","Jabier Cubillos", "3");
insert into administrador_hotel values ("14235","1234","HenaoOscar@gmail.com","Osacar Henao", "4");

insert into ciudad values (1, "Armenia");
insert into ciudad values (2, "Cartagena");
insert into ciudad values (3, "Cali");
insert into ciudad values (4, "Medellin");

insert into comentario values ("1",5,"muy buena atención","2022-03-20", 1,"1234432");
insert into comentario values ("2",4,"excelente comida","2022-04-20", 2,"1234432");
insert into comentario values ("3",3,"buen servicio","2022-04-21", 4,"123456");
insert into comentario values ("4",4,"buena atención, disfrute mucho mi estadia","2022-04-22", 4,"123455");
insert into comentario values ("5",2,"no habia agua caliente","2022-05-01", 4,"123456");


insert into hotel values(1,"cra 02 #23-11","hotel Tertulia",4,"324234241","12345",1);
insert into hotel values(2,"cra 02 #2-31","hotel Armenia",3,"324334241","12345",1);
insert into hotel values(3,"cra 12 #2-21","hotel Cartagena",4,"314234241","123345",2);
insert into hotel values(4,"cra 13 #3-31","hotel Cartagena 2",3,"32437241","123345",2);
insert into hotel values(5,"cra 5 #43-10","hotel Cali",4,"334424241","13345",3);
insert into hotel values(6,"cra 9 #34-56","hotel Cali Mirador",3,"31432241","13345",3);
insert into hotel values(7,"cra 32 #8-21","hotel Medellin",4,"31243241","14235",4);
insert into hotel values(8,"cra 24 #7-19","hotel Medallo",3,"31232341","14235",4);
insert into hotel values(9,"cra 24 #7-19","hotel Medallin viejo",5,"314554341","14235",4);
insert into hotel values(10,"cra 8 #38-12","hotel Cali Imperial",5,"31234241","13345",3);
insert into hotel values(11,"cra 11 #23-31","hotel Cartagena Unic",5,"31243241","123345",2);
insert into hotel values(12,"cra 04 #12-38","hotel Armenia PLaza",5,"32324241","12345",1);


insert into habitacion values(1,1,"disponible",45.000,1,"101");
insert into habitacion values(2,2,"disponible",85.000,1,"102");
insert into habitacion values(3,1,"disponible",45.000,1,"103");
insert into habitacion values(4,3,"disponible",125.000,1,"104");
insert into habitacion values(5,1,"disponible",45.000,1,"201");
insert into habitacion values(6,2,"disponible",85.000,1,"202");
insert into habitacion values(7,4,"disponible",155.000,1,"203");
insert into habitacion values(8,2,"disponible",85.000,1,"204");
insert into habitacion values(9,1,"disponible",45.000,2,"101");
insert into habitacion values(10,3,"disponible",105.000,2,"102");
insert into habitacion values(11,1,"disponible",45.000,2,"103");
insert into habitacion values(12,2,"disponible",85.000,2,"104");
insert into habitacion values(13,1,"disponible",45.000,2,"201");
insert into habitacion values(14,5,"disponible",185.000,2,"202");
insert into habitacion values(15,1,"disponible",45.000,2,"203");
insert into habitacion values(16,2,"disponible",85.000,2,"204");
insert into habitacion values(17,1,"disponible",45.000,3,"101");
insert into habitacion values(18,2,"disponible",85.000,3,"102");
insert into habitacion values(19,1,"disponible",45.000,3,"103");
insert into habitacion values(20,2,"disponible",85.000,3,"104");
insert into habitacion values(21,1,"disponible",45.000,3,"201");
insert into habitacion values(22,2,"disponible",85.000,3,"202");
insert into habitacion values(23,1,"disponible",45.000,3,"203");
insert into habitacion values(24,2,"disponible",85.000,3,"204");
insert into habitacion values(25,1,"disponible",45.000,4,"101");
insert into habitacion values(26,2,"disponible",85.000,4,"102");
insert into habitacion values(27,1,"disponible",45.000,4,"103");
insert into habitacion values(28,2,"disponible",85.000,4,"104");
insert into habitacion values(29,1,"disponible",45.000,4,"201");
insert into habitacion values(30,2,"disponible",85.000,4,"202");
insert into habitacion values(31,1,"disponible",45.000,4,"203");
insert into habitacion values(32,2,"disponible",85.000,4,"204");
insert into habitacion values(1,1,"disponible",45.000,5,"101");
insert into habitacion values(2,2,"disponible",85.000,5,"102");
insert into habitacion values(3,1,"disponible",45.000,5,"103");
insert into habitacion values(4,3,"disponible",125.000,5,"104");
insert into habitacion values(5,1,"disponible",45.000,5,"201");
insert into habitacion values(6,2,"disponible",85.000,5,"202");
insert into habitacion values(7,4,"disponible",155.000,5,"203");
insert into habitacion values(8,2,"disponible",85.000,5,"204");
insert into habitacion values(9,1,"disponible",45.000,6,"101");
insert into habitacion values(10,3,"disponible",105.000,6,"102");
insert into habitacion values(11,1,"disponible",45.000,6,"103");
insert into habitacion values(12,2,"disponible",85.000,6,"104");
insert into habitacion values(13,1,"disponible",45.000,6,"201");
insert into habitacion values(14,5,"disponible",185.000,6,"202");
insert into habitacion values(15,1,"disponible",45.000,6,"203");
insert into habitacion values(16,2,"disponible",85.000,6,"204");
insert into habitacion values(17,1,"disponible",45.000,7,"101");
insert into habitacion values(18,2,"disponible",85.000,7,"102");
insert into habitacion values(19,1,"disponible",45.000,7,"103");
insert into habitacion values(20,2,"disponible",85.000,7,"104");
insert into habitacion values(21,1,"disponible",45.000,7,"201");
insert into habitacion values(22,2,"disponible",85.000,7,"202");
insert into habitacion values(23,1,"disponible",45.000,7,"203");
insert into habitacion values(24,2,"disponible",85.000,7,"204");
insert into habitacion values(25,1,"disponible",45.000,8,"101");
insert into habitacion values(26,2,"disponible",85.000,8,"102");
insert into habitacion values(27,1,"disponible",45.000,8,"103");
insert into habitacion values(28,2,"disponible",85.000,8,"104");
insert into habitacion values(29,1,"disponible",45.000,8,"201");
insert into habitacion values(30,2,"disponible",85.000,8,"202");
insert into habitacion values(31,1,"disponible",45.000,8,"203");
insert into habitacion values(32,2,"disponible",85.000,8,"204");
insert into habitacion values(1,1,"disponible",45.000,9,"101");
insert into habitacion values(2,2,"disponible",85.000,9,"102");
insert into habitacion values(3,1,"disponible",45.000,9,"103");
insert into habitacion values(4,3,"disponible",125.000,9,"104");
insert into habitacion values(5,1,"disponible",45.000,9,"201");
insert into habitacion values(6,2,"disponible",85.000,9,"202");
insert into habitacion values(7,4,"disponible",155.000,9,"203");
insert into habitacion values(8,2,"disponible",85.000,9,"204");
insert into habitacion values(9,1,"disponible",145.000,10,"101");
insert into habitacion values(10,3,"disponible",155.000,10,"102");
insert into habitacion values(11,1,"disponible",95.000,10,"103");
insert into habitacion values(12,2,"disponible",125.000,10,"104");
insert into habitacion values(13,1,"disponible",95.000,10,"201");
insert into habitacion values(14,5,"disponible",485.000,10,"202");
insert into habitacion values(15,1,"disponible",95.000,10,"203");
insert into habitacion values(16,2,"disponible",125.000,10,"204");
insert into habitacion values(17,1,"disponible",145.000,11,"101");
insert into habitacion values(18,2,"disponible",185.000,11,"102");
insert into habitacion values(19,1,"disponible",145.000,11,"103");
insert into habitacion values(20,2,"disponible",185.000,11,"104");
insert into habitacion values(21,1,"disponible",145.000,11,"201");
insert into habitacion values(22,2,"disponible",185.000,11,"202");
insert into habitacion values(23,1,"disponible",145.000,11,"203");
insert into habitacion values(24,2,"disponible",185.000,11,"204");
insert into habitacion values(25,1,"disponible",145.000,12,"101");
insert into habitacion values(26,2,"disponible",185.000,12,"102");
insert into habitacion values(27,1,"disponible",145.000,12,"103");
insert into habitacion values(28,2,"disponible",185.000,12,"104");
insert into habitacion values(29,1,"disponible",145.000,12,"201");
insert into habitacion values(30,2,"disponible",185.000,12,"202");
insert into habitacion values(31,1,"disponible",145.000,12,"203");
insert into habitacion values(32,2,"disponible",185.000,12,"204");

insert into habitacion_cama values("1",unaCama);
insert into habitacion_cama values("2",dosCamas);
insert into habitacion_cama values("3",dosCamas);

insert into caracteristica values ("1","balcon");
insert into caracteristica values ("2","pasillo");
insert into caracteristica values ("3","aire acondicionado");
insert into caracteristica values ("4","piscina");
insert into caracteristica values ("5","buffet");
insert into caracteristica values ("6","sala de juegos");

insert into reserva values ("1",2,445.500,"reservado","2022-03-28","2022-03-24","2022-03-20",1,"1234432");
insert into reserva values ("2",3,245.500,"reservado","2022-04-18","2022-04-10","2022-04-02",2,"1234432");
insert into reserva values ("3",2,305.500,"reservado","2022-03-20","2022-03-12","2022-03-01",3,"1234432");
insert into reserva values ("4",1,235.500,"reservado","2022-05-28","2022-0-26","2022-05-02",1,"1234432");
insert into reserva values ("5",5,1455.500,"reservado","2022-01-26","2022-01-20","2022-01-10",2,"1234432");
insert into reserva values ("6",4,675.500,"reservado","2022-02-03","2022-02-01","2022-01-16",6,"1234432");
insert into reserva values ("7",2,445.500,"reservado","2022-01-12","2022-02-10","2022-03-20",1,"1234432");
insert into reserva values ("8",3,245.500,"reservado","2022-04-18","2022-04-10","2022-04-02",2,"1234432");
insert into reserva values ("9",2,305.500,"reservado","2022-03-20","2022-03-12","2022-03-01",3,"1234432");
insert into reserva values ("10",1,235.500,"reservado","2022-05-28","2022-0-26","2022-05-02",1,"1234432");
insert into reserva values ("11",5,1455.500,"reservado","2022-01-26","2022-01-20","2022-01-10",2,"1234432");
insert into reserva values ("12",4,675.500,"reservado","2022-02-03","2022-02-01","2022-01-16",6,"1234432");


insert into reserva_habitacion values ("1",45.000,"1","1");
insert into reserva_habitacion values ("2",150.000,"2","2");
insert into reserva_habitacion values ("3",105.000,"3","3");

insert into vuelo values ("abc1",300.000,"Bogota","Armenia",26, "programado","vuelosDia");
insert into vuelo values ("ssdaw",300.000,"Bogota","Cartagena",32, "programado","vuelosDia");
insert into vuelo values ("dafsf",300.000,"Bogota","Cali",14, "programado","vuelosDia");
insert into vuelo values ("sdgr",200.000,"Cali","Armenia",26, "programado","AviVuelos");
insert into vuelo values ("fgdgr",400.000,"Cali","Cartagena",32, "programado","AviVuelos");
insert into vuelo values ("acec",300.000,"Cali","Medellin",24, "programado","AviVuelos");
insert into vuelo values ("csvr",600.000,"Medellin","Cartagena",46, "programado","AviaTour");
insert into vuelo values ("fvssd",300.000,"Medellin","Armenia",32, "programado","AviaTour");
insert into vuelo values ("c3dsfr",400.000,"Medellin","Cali",24, "programado","AviaTour");

insert into silla values ("1","abc1");
insert into silla values ("2","ssdaw");
insert into silla values ("3","sdgr");
insert into silla values ("4","acec");
insert into silla values ("5","fvssd");

insert into vuelo_silla values ("abc1","1");
insert into vuelo_silla values ("ssdaw","2");

insert into hotel_caracteristica values ("1","4");
insert into hotel_caracteristica values ("2","5");
insert into hotel_caracteristica values ("3","6");

insert into reservaSilla values ("1",3,200.000);
insert into reservaSilla values ("2",3,200.000);
insert into reservaSilla values ("3",6,200.000);
insert into reservaSilla values ("4",12,200.000);
insert into reservaSilla values ("5",24,200.000);

insert into comentario values ("1","esta bueno",5,"2022-03-01",1,"123456");
insert into comentario values ("2","recomendadisimo",5,"2022-02-01",1,"123456");

insert into usuario_telefono values ("123456","323443213");
insert into usuario_telefono values ("1234432","124234211");
insert into usuario_telefono values ("1234432","323443213");

insert into foto values ("1","1",1);
insert into foto values ("2","2",1);
insert into foto values ("3","3",1);
insert into foto values ("4","4",1);
insert into foto values ("5","5",1);
insert into foto values ("6","6",1);
insert into foto values ("7","1",2);
insert into foto values ("8","2",2);
insert into foto values ("9","3",2);
insert into foto values ("10","4",2);
insert into foto values ("11","5",2);
insert into foto values ("12","6",2);
insert into foto values ("13","4",3);
insert into foto values ("14","5",4);
insert into foto values ("15","6",4);